{"loss": 0.1259235143661499, "acc": 0.9477499723434448}