{"loss": 0.25187698006629944, "acc": 0.8960000276565552}